{
  "id": "8e87b4b4-5b35-4a5b-8d15-fd307a3488fb",
  "prevId": "00000000-0000-0000-0000-000000000000",
  "version": "7",
  "dialect": "postgresql",
  "tables": {
    "public.identities": {
      "name": "identities",
      "schema": "",
      "columns": {
        "id": {
          "name": "id",
          "type": "uuid",
          "primaryKey": true,
          "notNull": true,
          "default": "gen_random_uuid()"
        },
        "wallet_address": {
          "name": "wallet_address",
          "type": "varchar(42)",
          "primaryKey": false,
          "notNull": true
        },
        "identity_commitment": {
          "name": "identity_commitment",
          "type": "text",
          "primaryKey": false,
          "notNull": false
        },
        "created_at": {
          "name": "created_at",
          "type": "timestamp",
          "primaryKey": false,
          "notNull": true,
          "default": "now()"
        },
        "updated_at": {
          "name": "updated_at",
          "type": "timestamp",
          "primaryKey": false,
          "notNull": true,
          "default": "now()"
        }
      },
      "indexes": {},
      "foreignKeys": {},
      "compositePrimaryKeys": {},
      "uniqueConstraints": {
        "identities_wallet_address_unique": {
          "name": "identities_wallet_address_unique",
          "nullsNotDistinct": false,
          "columns": [
            "wallet_address"
          ]
        },
        "identities_identity_commitment_unique": {
          "name": "identities_identity_commitment_unique",
          "nullsNotDistinct": false,
          "columns": [
            "identity_commitment"
          ]
        }
      },
      "policies": {},
      "checkConstraints": {},
      "isRLSEnabled": false
    },
    "public.kycs": {
      "name": "kycs",
      "schema": "",
      "columns": {
        "id": {
          "name": "id",
          "type": "uuid",
          "primaryKey": true,
          "notNull": true,
          "default": "gen_random_uuid()"
        },
        "identity_id": {
          "name": "identity_id",
          "type": "uuid",
          "primaryKey": false,
          "notNull": true
        },
        "status": {
          "name": "status",
          "type": "kyc_status",
          "typeSchema": "public",
          "primaryKey": false,
          "notNull": true,
          "default": "'PENDING'"
        },
        "kyc_score": {
          "name": "kyc_score",
          "type": "integer",
          "primaryKey": false,
          "notNull": true,
          "default": 0
        },
        "provider": {
          "name": "provider",
          "type": "text",
          "primaryKey": false,
          "notNull": false
        },
        "proof_reference": {
          "name": "proof_reference",
          "type": "text",
          "primaryKey": false,
          "notNull": false
        },
        "pending_proof": {
          "name": "pending_proof",
          "type": "jsonb",
          "primaryKey": false,
          "notNull": false
        },
        "tx_hash": {
          "name": "tx_hash",
          "type": "text",
          "primaryKey": false,
          "notNull": false
        },
        "verified_at": {
          "name": "verified_at",
          "type": "timestamp",
          "primaryKey": false,
          "notNull": false
        },
        "created_at": {
          "name": "created_at",
          "type": "timestamp",
          "primaryKey": false,
          "notNull": true,
          "default": "now()"
        },
        "updated_at": {
          "name": "updated_at",
          "type": "timestamp",
          "primaryKey": false,
          "notNull": true,
          "default": "now()"
        }
      },
      "indexes": {
        "kyc_status_idx": {
          "name": "kyc_status_idx",
          "columns": [
            {
              "expression": "status",
              "isExpression": false,
              "asc": true,
              "nulls": "last"
            }
          ],
          "isUnique": false,
          "concurrently": false,
          "method": "btree",
          "with": {}
        }
      },
      "foreignKeys": {
        "kycs_identity_id_identities_id_fk": {
          "name": "kycs_identity_id_identities_id_fk",
          "tableFrom": "kycs",
          "tableTo": "identities",
          "columnsFrom": [
            "identity_id"
          ],
          "columnsTo": [
            "id"
          ],
          "onDelete": "cascade",
          "onUpdate": "no action"
        }
      },
      "compositePrimaryKeys": {},
      "uniqueConstraints": {
        "kycs_identity_id_unique": {
          "name": "kycs_identity_id_unique",
          "nullsNotDistinct": false,
          "columns": [
            "identity_id"
          ]
        }
      },
      "policies": {},
      "checkConstraints": {},
      "isRLSEnabled": false
    }
  },
  "enums": {
    "public.kyc_status": {
      "name": "kyc_status",
      "schema": "public",
      "values": [
        "PENDING",
        "VERIFIED",
        "REJECTED"
      ]
    }
  },
  "schemas": {},
  "sequences": {},
  "roles": {},
  "policies": {},
  "views": {},
  "_meta": {
    "columns": {},
    "schemas": {},
    "tables": {}
  }
}